{"cameraMode":{"drawMode":0,"name":"Shaded","section":"Shading Mode"},"sceneLighting":false,"audioPlay":false,"sceneViewState":{"m_AlwaysRefresh":false,"showFog":true,"showSkybox":false,"showFlares":true,"showImageEffects":true,"showParticleSystems":true,"showVisualEffectGraphs":true,"m_FxEnabled":true},"in2DMode":false,"pivot":{"x":-0.02127397060394287,"y":-0.04181034117937088,"z":-0.08104658126831055},"rotation":{"x":-0.04007390886545181,"y":-0.45258599519729617,"z":0.020437192171812059,"w":-0.8906477689743042},"size":0.6284217834472656,"orthographic":false}