{"cameraMode":{"drawMode":0,"name":"Shaded","section":"Shading Mode"},"sceneLighting":true,"audioPlay":false,"sceneViewState":{"m_AlwaysRefresh":false,"showFog":true,"showSkybox":true,"showFlares":true,"showImageEffects":true,"showParticleSystems":true,"showVisualEffectGraphs":true,"m_FxEnabled":true},"in2DMode":false,"pivot":{"x":406.43743896484377,"y":32.062442779541019,"z":824.1083374023438},"rotation":{"x":-0.09470023214817047,"y":-0.47416990995407107,"z":0.05149369314312935,"w":-0.873889148235321},"size":0.8660253882408142,"orthographic":false}