{"cameraMode":{"drawMode":0,"name":"Shaded","section":"Shading Mode"},"sceneLighting":true,"audioPlay":false,"sceneViewState":{"m_AlwaysRefresh":false,"showFog":true,"showSkybox":true,"showFlares":true,"showImageEffects":true,"showParticleSystems":true,"showVisualEffectGraphs":true,"m_FxEnabled":true},"in2DMode":false,"pivot":{"x":28.14483642578125,"y":-12.359417915344239,"z":-45.944576263427737},"rotation":{"x":0.00007985812408151105,"y":-0.997036874294281,"z":0.07823891192674637,"w":0.0036725043319165708},"size":58.504329681396487,"orthographic":false}