{"cameraMode":{"drawMode":0,"name":"Shaded","section":"Shading Mode"},"sceneLighting":true,"audioPlay":false,"sceneViewState":{"m_AlwaysRefresh":false,"showFog":true,"showSkybox":true,"showFlares":true,"showImageEffects":true,"showParticleSystems":true,"showVisualEffectGraphs":true,"m_FxEnabled":true},"in2DMode":false,"pivot":{"x":421.135498046875,"y":234.24298095703126,"z":-10.467559814453125},"rotation":{"x":-0.10033242404460907,"y":0.005327898543328047,"z":-0.0004676699172705412,"w":-0.9949949383735657},"size":168.6771697998047,"orthographic":false}