{"cameraMode":{"drawMode":0,"name":"Shaded","section":"Shading Mode"},"sceneLighting":true,"audioPlay":false,"sceneViewState":{"m_AlwaysRefresh":false,"showFog":true,"showSkybox":true,"showFlares":true,"showImageEffects":true,"showParticleSystems":true,"showVisualEffectGraphs":true,"m_FxEnabled":true},"in2DMode":false,"pivot":{"x":-1.9478002786636353,"y":-0.7367219924926758,"z":8.043200492858887},"rotation":{"x":-0.035692859441041949,"y":0.7501320838928223,"z":-0.04048731550574303,"w":-0.6591686606407166},"size":1.3408883810043336,"orthographic":false}