{"cameraMode":{"drawMode":0,"name":"Shaded","section":"Shading Mode"},"sceneLighting":true,"audioPlay":false,"sceneViewState":{"m_AlwaysRefresh":false,"showFog":true,"showSkybox":true,"showFlares":true,"showImageEffects":true,"showParticleSystems":true,"showVisualEffectGraphs":true,"m_FxEnabled":true},"in2DMode":false,"pivot":{"x":-46.53772735595703,"y":6.056659698486328,"z":-45.768516540527347},"rotation":{"x":0.00012390223855618387,"y":-0.9960262775421143,"z":0.09019744396209717,"w":0.003671282436698675},"size":80.97294616699219,"orthographic":false}