{"cameraMode":{"drawMode":0,"name":"Shaded","section":"Shading Mode"},"sceneLighting":true,"audioPlay":false,"sceneViewState":{"m_AlwaysRefresh":false,"showFog":true,"showSkybox":true,"showFlares":true,"showImageEffects":true,"showParticleSystems":true,"showVisualEffectGraphs":true,"m_FxEnabled":true},"in2DMode":false,"pivot":{"x":511.7347106933594,"y":259.78173828125,"z":-170.18362426757813},"rotation":{"x":0.0029973709024488928,"y":0.01327565312385559,"z":-0.00007056932372506708,"w":1.0000109672546387},"size":104.14608001708985,"orthographic":false}