{"cameraMode":{"drawMode":0,"name":"Shaded","section":"Shading Mode"},"sceneLighting":true,"audioPlay":false,"sceneViewState":{"m_AlwaysRefresh":false,"showFog":true,"showSkybox":true,"showFlares":true,"showImageEffects":true,"showParticleSystems":true,"showVisualEffectGraphs":true,"m_FxEnabled":true},"in2DMode":false,"pivot":{"x":469.0559997558594,"y":285.5279541015625,"z":-236.536376953125},"rotation":{"x":-0.10481555759906769,"y":-0.003676110412925482,"z":0.00039814517367631197,"w":-0.9945972561836243},"size":103.07764434814453,"orthographic":false}