{"cameraMode":{"drawMode":0,"name":"Shaded","section":"Shading Mode"},"sceneLighting":true,"audioPlay":false,"sceneViewState":{"m_AlwaysRefresh":false,"showFog":true,"showSkybox":true,"showFlares":true,"showImageEffects":true,"showParticleSystems":true,"showVisualEffectGraphs":true,"m_FxEnabled":true},"in2DMode":false,"pivot":{"x":42.05229568481445,"y":10.480914115905762,"z":-49.6539421081543},"rotation":{"x":0.00007985812408151105,"y":-0.997036874294281,"z":0.07823891192674637,"w":0.0036725043319165708},"size":33.78230667114258,"orthographic":false}