{"cameraMode":{"drawMode":0,"name":"Shaded","section":"Shading Mode"},"sceneLighting":true,"audioPlay":false,"sceneViewState":{"m_AlwaysRefresh":false,"showFog":true,"showSkybox":true,"showFlares":true,"showImageEffects":true,"showParticleSystems":true,"showVisualEffectGraphs":true,"m_FxEnabled":true},"in2DMode":false,"pivot":{"x":410.6495361328125,"y":202.5239715576172,"z":441.9704284667969},"rotation":{"x":-0.00899779237806797,"y":0.0038460050709545614,"z":0.0000831681172712706,"w":-1.0000241994857789},"size":438.67474365234377,"orthographic":false}