{"cameraMode":{"drawMode":0,"name":"Shaded","section":"Shading Mode"},"sceneLighting":false,"audioPlay":false,"sceneViewState":{"m_AlwaysRefresh":false,"showFog":true,"showSkybox":false,"showFlares":true,"showImageEffects":true,"showParticleSystems":true,"showVisualEffectGraphs":true,"m_FxEnabled":true},"in2DMode":false,"pivot":{"x":452.78094482421877,"y":126.59998321533203,"z":244.6299285888672},"rotation":{"x":0.10919370502233505,"y":-0.04169203341007233,"z":0.0044871000573039059,"w":0.9931970834732056},"size":495.3701477050781,"orthographic":false}