{"cameraMode":{"drawMode":0,"name":"Shaded","section":"Shading Mode"},"sceneLighting":false,"audioPlay":false,"sceneViewState":{"m_AlwaysRefresh":false,"showFog":true,"showSkybox":false,"showFlares":true,"showImageEffects":true,"showParticleSystems":true,"showVisualEffectGraphs":true,"m_FxEnabled":true},"in2DMode":false,"pivot":{"x":598.6237182617188,"y":13.439422607421875,"z":787.9556884765625},"rotation":{"x":-0.18121233582496644,"y":0.10854019224643707,"z":-0.020069345831871034,"w":-0.9774369597434998},"size":18.328407287597658,"orthographic":false}